{
  "arabica": [
    {
      "foto": "images/produk/product_capuchino.jpg",
      "nama": "Cappuccino Arabica",
      "size": "500 Gram",
      "harga": "200.000",
      "link": "https://www.google.com/search?q=cappuccino+arabica&tbm=shop"
        },
    {
      "foto": "images/produk/product_espresso.jpg",
      "nama": "Pahit Arabica",
      "size": "100 Gram",
      "harga": "100.000",
      "link": "https://www.google.com/search?q=pahit+arabica&tbm=shop"
        },
    {
      "foto": "images/produk/product_latte.jpg",
      "nama": "Latte Arabica",
      "size": "150 Gram",
      "harga": "150.000",
      "link": "https://www.google.com/search?q=latte+arabica&tbm=shop"
        }
    ],
  "robusta": [
    {
      "foto": "images/produk/product_kopi_susu.jpg",
      "nama": "Kopsus Robusta",
      "size": "100 Gram",
      "harga": "500.000",
      "link": "https://www.google.com/search?q=kopi+susu+robusta&tbm=shop"
        },
    {
      "foto": "images/produk/product_latte.jpg",
      "nama": "Latte Robusta",
      "size": "150 Gram",
      "harga": "150.000",
      "link": "https://www.google.com/search?q=latte+robusta&tbm=shop"
        },
    {
      "foto": "images/produk/product_latte.jpg",
      "nama": "Latte Robusta",
      "size": "150 Gram",
      "harga": "150.000",
      "link": "https://www.google.com/search?q=latte+robusta&tbm=shop"
        }
    ],
  "non kopi": [
    {
      "foto": "/bahan/64537bad3284d.jpg",
      "nama": "Air Minetal",
      "size": "1000Gram",
      "harga": "15.000",
      "link": "https://www.google.com/search?q=es+campur&source=lmns&tbm=shop&bih=775&biw=1600&hl=id&sa=X&ved=2ahUKEwjR-dX1nq6AAxW-6DgGHdtNA5gQ0pQJKAN6BAgBEAg"
        },
    {
      "foto": "/images/produk/01465168467makanan-ringan.jpg",
      "nama": "Makanan Ringan",
      "size": "100 Gram",
      "harga": "2.000",
      "link": "https://www.google.com/search?q=es+campur&source=lmns&tbm=shop&bih=775&biw=1600&hl=id&sa=X&ved=2ahUKEwjR-dX1nq6AAxW-6DgGHdtNA5gQ0pQJKAN6BAgBEAg"
        },
         {
      "foto": "/bahan/83fac025-5afa-47c3-b3ef-af8e82c8f09c.jpg",
      "nama": "Sabun Mandi",
      "size": "100 Gram",
      "harga": "35.000",
      "link": "https://www.google.com/search?q=es+campur&source=lmns&tbm=shop&bih=775&biw=1600&hl=id&sa=X&ved=2ahUKEwjR-dX1nq6AAxW-6DgGHdtNA5gQ0pQJKAN6BAgBEAg"
        },
    {
      "foto": "/bahan/d1e9e4538666afd4a8866e3c4ec7c479.jpeg",
      "nama": "Shampo",
      "size": "1000 Gram",
      "harga": "25.000",
      "link": "https://www.google.com/search?q=es+campur&source=lmns&tbm=shop&bih=775&biw=1600&hl=id&sa=X&ved=2ahUKEwjR-dX1nq6AAxW-6DgGHdtNA5gQ0pQJKAN6BAgBEAg"
        }
  
    ]
}